Mã trường,Tên trường,Link,Kinh Độ,Vĩ Độ
KHA,Đại Học Kinh Tế Quốc Dân,https://diemthi.tuyensinh247.com/diem-chuan/dai-hoc-kinh-te-quoc-dan-KHA.html,105.835976,19.973057
BKA,Đại Học Bách Khoa Hà Nội,https://diemthi.tuyensinh247.com/diem-chuan/dai-hoc-bach-khoa-ha-noi-BKA.html,105.847984,21.003256
HTC,Học Viện Tài chính,https://diemthi.tuyensinh247.com/diem-chuan/hoc-vien-tai-chinh-HTC.html,106.002727,20.954507
NHH,Học Viện Ngân Hàng,https://diemthi.tuyensinh247.com/diem-chuan/hoc-vien-ngan-hang-NHH.html,105.846691,10.523495
NTH,Trường Đại học Ngoại thương,https://diemthi.tuyensinh247.com/diem-chuan/dai-hoc-ngoai-thuong-co-so-phia-bac-NTH.html,108.11648,15.882505
QSB,Trường Đại Học Bách Khoa HCM,https://diemthi.tuyensinh247.com/diem-chuan/dai-hoc-bach-khoa-hcm-QSB.html,105.847984,21.003256
YHB,Trường Đại Học Y Hà Nội,https://diemthi.tuyensinh247.com/diem-chuan/dai-hoc-y-ha-noi-YHB.html,105.854444,21.02945
BVH,Học Viện Công Nghệ Bưu Chính Viễn Thông,https://diemthi.tuyensinh247.com/diem-chuan/hoc-vien-cong-nghe-buu-chinh-vien-thong-phia-bac-BVH.html,104.745769,10.227441
SPH,Trường Đại Học Sư Phạm Hà Nội,https://diemthi.tuyensinh247.com/diem-chuan/dai-hoc-su-pham-ha-noi-SPH.html,105.854444,21.02945
TMU,Trường Đại Học Thương Mại,https://diemthi.tuyensinh247.com/diem-chuan/dai-hoc-thuong-mai-TMU.html,107.97195,21.534452
SPS,Trường Đại Học Sư Phạm TPHCM,https://diemthi.tuyensinh247.com/diem-chuan/dai-hoc-su-pham-tphcm-SPS.html,108.11648,15.882505
YDS,Đại Học Y Dược TPHCM,https://diemthi.tuyensinh247.com/diem-chuan/dai-hoc-y-duoc-tphcm-YDS.html,108.11648,15.882505
QHI,Trường Đại Học Công Nghệ – Đại Học Quốc Gia Hà Nội,https://diemthi.tuyensinh247.com/diem-chuan/dai-hoc-cong-nghe-dai-hoc-quoc-gia-ha-noi-QHI.html,105.854444,21.02945
HNM,Trường Đại học Thủ Đô Hà Nội,https://diemthi.tuyensinh247.com/diem-chuan/dai-hoc-thu-do-ha-noi-HNM.html,105.541046,21.143341
GHA,Trường Đại Học Giao Thông Vận Tải,https://diemthi.tuyensinh247.com/diem-chuan/dai-hoc-giao-thong-van-tai-co-so-phia-bac-GHA.html,106.019423,21.140072
YTB,Trường Đại Học Y Dược Thái Bình,https://diemthi.tuyensinh247.com/diem-chuan/dai-hoc-y-duoc-thai-binh-YTB.html,106.3435,20.44802
KMA,Học Viện Kỹ Thuật Mật Mã,https://diemthi.tuyensinh247.com/diem-chuan/hoc-vien-ky-thuat-mat-ma-KMA.html,108.30829,15.489622
DCN,Trường Đại Học Công Nghiệp Hà Nội,https://diemthi.tuyensinh247.com/diem-chuan/dai-hoc-cong-nghiep-ha-noi-DCN.html,105.854444,21.02945
YPB,Trường Đại Học Y Dược Hải Phòng,https://diemthi.tuyensinh247.com/diem-chuan/dai-hoc-y-duoc-hai-phong-YPB.html,106.674959,20.858864
IUH,Trường Đại Học Công Nghiệp TPHCM,https://diemthi.tuyensinh247.com/diem-chuan/dai-hoc-cong-nghiep-tphcm-IUH.html,108.11648,15.882505
HPN,Học Viện Phụ Nữ Việt Nam,https://diemthi.tuyensinh247.com/diem-chuan/hoc-vien-phu-nu-viet-nam-HPN.html,104.93346,22.654549
DKH,Trường Đại Học Dược Hà Nội,https://diemthi.tuyensinh247.com/diem-chuan/dai-hoc-duoc-ha-noi-DKH.html,105.854444,21.02945
ANH,Học Viện An Ninh Nhân Dân,https://diemthi.tuyensinh247.com/diem-chuan/hoc-vien-an-ninh-nhan-dan-ANH.html,106.66966,17.306726
DKY,Trường Đại Học Kỹ Thuật Y Tế Hải Dương,https://diemthi.tuyensinh247.com/diem-chuan/dai-hoc-ky-thuat-y-te-hai-duong-DKY.html,106.42012,20.783989
GTS,Trường Đại Học Giao Thông Vận Tải TPHCM,https://diemthi.tuyensinh247.com/diem-chuan/dai-hoc-giao-thong-van-tai-tphcm-GTS.html,106.019423,21.140072
HYD,Học Viện Y Dược Học Cổ Truyền Việt Nam,https://diemthi.tuyensinh247.com/diem-chuan/hoc-vien-y-duoc-hoc-co-truyen-viet-nam-HYD.html,107.075277,20.950007
CSH,Học Viện Cảnh Sát Nhân Dân,https://diemthi.tuyensinh247.com/diem-chuan/hoc-vien-canh-sat-nhan-dan-CSH.html,108.29603,15.461622
DKK,Trường Đại Học Kinh Tế Kỹ Thuật Công Nghiệp,https://diemthi.tuyensinh247.com/diem-chuan/dai-hoc-kinh-te-ky-thuat-cong-nghiep-DKK.html,109.165975,12.195448
DCT,Trường Đại Học Công Thương TPHCM,https://diemthi.tuyensinh247.com/diem-chuan/dai-hoc-cong-thuong-tphcm-DCT.html,107.26641,16.231548
LAH,Trường Sĩ Quan Lục Quân 1  Đại học Trần Quốc Tuấn,https://diemthi.tuyensinh247.com/diem-chuan/truong-si-quan-luc-quan-1-dai-hoc-tran-quoc-tuan-LAH.html,107.218668,10.811012
HQH,Học Viện Hải Quân,https://diemthi.tuyensinh247.com/diem-chuan/hoc-vien-hai-quan-HQH.html,105.897894,19.769504
HHK,Học Viện Hàng không Việt Nam,https://diemthi.tuyensinh247.com/diem-chuan/hoc-vien-hang-khong-viet-nam-HHK.html,106.168852,20.423264
PKA,Đại Học Phenikaa,https://diemthi.tuyensinh247.com/diem-chuan/dai-hoc-phenikaa-PKA.html,108.11648,15.882505
PKH,Học Viện Phòng Không – Không Quân,https://diemthi.tuyensinh247.com/diem-chuan/hoc-vien-phong-khong-khong-quan-PKH.html,108.35184,15.516409
CSS,Trường Đại Học Cảnh Sát Nhân Dân,https://diemthi.tuyensinh247.com/diem-chuan/dai-hoc-canh-sat-nhan-dan-CSS.html,108.184425,11.712055
TTH,Trường Sĩ Quan Thông Tin  Hệ Quân sự  Đại Học Thông Tin Liên Lạc,https://diemthi.tuyensinh247.com/diem-chuan/truong-si-quan-thong-tin-he-quan-su-dai-hoc-thong-tin-lien-lac-TTH.html,108.339537,14.315424
NHF,Trường Đại Học Hà Nội,https://diemthi.tuyensinh247.com/diem-chuan/dai-hoc-ha-noi-NHF.html,105.854444,21.02945
KQH,Học Viện Kỹ Thuật Quân Sự  Hệ Quân sự,https://diemthi.tuyensinh247.com/diem-chuan/hoc-vien-ky-thuat-quan-su-he-quan-su-KQH.html,106.648608,10.764933
YTC,Trường Đại Học Y Tế Công Cộng,https://diemthi.tuyensinh247.com/diem-chuan/dai-hoc-y-te-cong-cong-YTC.html,107.03308,20.958214
HQT,Học Viện Ngoại Giao,https://diemthi.tuyensinh247.com/diem-chuan/hoc-vien-ngoai-giao-HQT.html,107.24344,10.647716
ANS,Trường Đại Học An Ninh Nhân Dân,https://diemthi.tuyensinh247.com/diem-chuan/dai-hoc-an-ninh-nhan-dan-ANS.html,106.66966,17.306726
YCT,Trường Đại Học Y Dược Cần Thơ,https://diemthi.tuyensinh247.com/diem-chuan/dai-hoc-y-duoc-can-tho-YCT.html,105.787522,10.036422
TDM,Trường Đại học Thủ Dầu Một,https://diemthi.tuyensinh247.com/diem-chuan/dai-hoc-thu-dau-mot-TDM.html,106.65534,10.979131
TYS,Trường Đại Học Y Khoa Phạm Ngọc Thạch,https://diemthi.tuyensinh247.com/diem-chuan/dai-hoc-y-khoa-pham-ngoc-thach-TYS.html,107.177617,10.506253
DTL,Trường Đại Học Thăng Long,https://diemthi.tuyensinh247.com/diem-chuan/dai-hoc-thang-long-DTL.html,106.43985,20.999273
TLA,Trường Đại Học Thủy Lợi,https://diemthi.tuyensinh247.com/diem-chuan/dai-hoc-thuy-loi-co-so-1-TLA.html,106.14908,20.658398
QST,Trường Đại Học Khoa Học Tự Nhiên TPHCM,https://diemthi.tuyensinh247.com/diem-chuan/dai-hoc-khoa-hoc-tu-nhien-tphcm-QST.html,105.918495,20.863337
VHH,Trường Đại Học Văn Hóa Hà Nội,https://diemthi.tuyensinh247.com/diem-chuan/dai-hoc-van-hoa-ha-noi-VHH.html,105.42539,21.078
DTT,Trường Đại Học Tôn Đức Thắng,https://diemthi.tuyensinh247.com/diem-chuan/dai-hoc-ton-duc-thang-DTT.html,108.90194,15.035875
HVN,Học Viện Nông Nghiệp Việt Nam,https://diemthi.tuyensinh247.com/diem-chuan/hoc-vien-nong-nghiep-viet-nam-HVN.html,104.93346,22.654549
QHX,Trường Đại Học Khoa Học Xã Hội và Nhân Văn Hà Nội,https://diemthi.tuyensinh247.com/diem-chuan/dai-hoc-khoa-hoc-xa-hoi-va-nhan-van-ha-noi-QHX.html,105.854444,21.02945
LPH,Trường Đại Học Luật Hà Nội,https://diemthi.tuyensinh247.com/diem-chuan/dai-hoc-luat-ha-noi-LPH.html,105.854444,21.02945
QHF,Trường Đại Học Ngoại Ngữ  ĐH Quốc gia Hà Nội,https://diemthi.tuyensinh247.com/diem-chuan/dai-hoc-ngoai-ngu-ha-noi-QHF.html,105.854444,21.02945
HBT,Học viện Báo chí và Tuyên truyền,https://diemthi.tuyensinh247.com/diem-chuan/hoc-vien-bao-chi-va-tuyen-truyen-HBT.html,106.647968,10.799199
QHT,Trường Đại Học Khoa Học Tự Nhiên Hà Nội,https://diemthi.tuyensinh247.com/diem-chuan/dai-hoc-khoa-hoc-tu-nhien-dai-hoc-quoc-gia-ha-noi-QHT.html,105.918495,20.863337
QHE,Trường Đại Học Kinh Tế  ĐHQG Hà Nội,https://diemthi.tuyensinh247.com/diem-chuan/dai-hoc-kinh-te-ha-noi-QHE.html,105.854444,21.02945
QSX,Trường Đại Học Khoa Học Xã Hội và Nhân Văn TPHCM,https://diemthi.tuyensinh247.com/diem-chuan/dai-hoc-khoa-hoc-xa-hoi-va-nhan-van-tphcm-QSX.html,,
DTS,Đại Học Sư Phạm Thái Nguyên,https://diemthi.tuyensinh247.com/diem-chuan/dai-hoc-su-pham-thai-nguyen-DTS.html,105.834206,21.59228
LCH,Trường Sĩ Quan Chính Trị  Đại Học Chính Trị,https://diemthi.tuyensinh247.com/diem-chuan/truong-si-quan-chinh-tri-dai-hoc-chinh-tri-LCH.html,106.659267,10.793594
TCT,Đại Học Cần Thơ,https://diemthi.tuyensinh247.com/diem-chuan/dai-hoc-can-tho-TCT.html,105.787522,10.036422
DKS,Trường Đại học Kiểm Sát,https://diemthi.tuyensinh247.com/diem-chuan/dai-hoc-kiem-sat-DKS.html,108.11648,15.882505
BPH,Học Viện Biên Phòng,https://diemthi.tuyensinh247.com/diem-chuan/hoc-vien-bien-phong-BPH.html,108.35184,15.516409
QHL,Trường Đại học Luật – ĐHQG Hà Nội,https://diemthi.tuyensinh247.com/diem-chuan/dai-hoc-luat-dai-hoc-quoc-gia-ha-noi-QHL.html,105.854444,21.02945
DHS,Trường Đại Học Sư Phạm Huế,https://diemthi.tuyensinh247.com/diem-chuan/dai-hoc-su-pham-hue-DHS.html,106.338875,20.809668
QSC,Trường Đại Học Công Nghệ Thông Tin  ĐHQG TPHCM,https://diemthi.tuyensinh247.com/diem-chuan/dai-hoc-cong-nghe-thong-tin-dhqg-tphcm-QSC.html,109.215567,13.761803
SGD,Trường Đại Học Sài Gòn,https://diemthi.tuyensinh247.com/diem-chuan/dai-hoc-sai-gon-SGD.html,108.11648,15.882505
NQH,Học Viện Khoa Học Quân Sự  Hệ Quân sự,https://diemthi.tuyensinh247.com/diem-chuan/hoc-vien-khoa-hoc-quan-su-he-quan-su-NQH.html,106.648608,10.764933
NTS,Trường Đại học Ngoại thương (Cơ sở II),https://diemthi.tuyensinh247.com/diem-chuan/dai-hoc-ngoai-thuong-co-so-phia-nam-NTS.html,105.893539,10.355745
HTA,Học viện Tòa án,https://diemthi.tuyensinh247.com/diem-chuan/hoc-vien-toa-an-HTA.html,108.176765,16.052954
DDS,Trường Đại Học Sư Phạm  Đại Học Đà Nẵng,https://diemthi.tuyensinh247.com/diem-chuan/dai-hoc-su-pham-dai-hoc-da-nang-DDS.html,108.153481,16.069178
SP2,Trường Đại Học Sư Phạm Hà Nội 2,https://diemthi.tuyensinh247.com/diem-chuan/dai-hoc-su-pham-ha-noi-2-SP2.html,105.854444,21.02945
QHS,Trường Đại Học Giáo Dục  ĐHQG Hà Nội,https://diemthi.tuyensinh247.com/diem-chuan/dai-hoc-giao-duc-ha-noi-QHS.html,105.8393,20.794678
VHS,Trường Đại Học Văn Hóa TPHCM,https://diemthi.tuyensinh247.com/diem-chuan/dai-hoc-van-hoa-tphcm-VHS.html,105.645294,19.616001
SPK,Trường Đại Học Sư Phạm Kỹ Thuật TPHCM,https://diemthi.tuyensinh247.com/diem-chuan/dai-hoc-su-pham-ky-thuat-tphcm-SPK.html,106.977058,20.950697
HTN,Học Viện Thanh Thiếu Niên Việt Nam,https://diemthi.tuyensinh247.com/diem-chuan/hoc-vien-thanh-thieu-nien-viet-nam-HTN.html,105.49676,18.933998
YQH,Học Viện Quân Y  Hệ Quân sự,https://diemthi.tuyensinh247.com/diem-chuan/hoc-vien-quan-y-he-quan-su-YQH.html,106.648608,10.764933
QSK,Trường Đại học Kinh Tế Luật TPHCM,https://diemthi.tuyensinh247.com/diem-chuan/dai-hoc-kinh-te-luat-tphcm-QSK.html,109.092968,13.948876
HEH,Học Viện Hậu Cần  Hệ Quân sự,https://diemthi.tuyensinh247.com/diem-chuan/hoc-vien-hau-can-he-quan-su-HEH.html,106.819392,10.791464
LPS,Trường Đại Học Luật TPHCM,https://diemthi.tuyensinh247.com/diem-chuan/dai-hoc-luat-tphcm-LPS.html,108.11648,15.882505
DDF,Trường Đại Học Ngoại Ngữ Đà Nẵng,https://diemthi.tuyensinh247.com/diem-chuan/dai-hoc-ngoai-ngu-da-nang-DDF.html,108.153481,16.069178
KSA,Đại Học Kinh Tế TPHCM,https://diemthi.tuyensinh247.com/diem-chuan/dai-hoc-kinh-te-tphcm-KSA.html,105.835976,19.973057
QHY,Trường Đại học Y Dược  ĐHQG Hà Nội,https://diemthi.tuyensinh247.com/diem-chuan/dai-hoc-y-duoc-dai-hoc-quoc-gia-ha-noi-QHY.html,105.854444,21.02945
DDK,Trường Đại Học Bách Khoa Đà Nẵng,https://diemthi.tuyensinh247.com/diem-chuan/dai-hoc-bach-khoa-da-nang-DDK.html,108.153481,16.069178
DHF,Trường Đại Học Ngoại Ngữ Huế,https://diemthi.tuyensinh247.com/diem-chuan/dai-hoc-ngoai-ngu-hue-DHF.html,106.338875,20.809668
DMS,Trường Đại Học Tài Chính Marketing,https://diemthi.tuyensinh247.com/diem-chuan/dai-hoc-tai-chinh-marketing-DMS.html,105.835976,19.973057
GSA,Trường Đại Học Giao Thông Vận Tải (Cơ sở 2),https://diemthi.tuyensinh247.com/diem-chuan/dai-hoc-giao-thong-van-tai-co-so-phia-nam-GSA.html,109.307132,13.101988
TSN,Trường Đại Học Nha Trang,https://diemthi.tuyensinh247.com/diem-chuan/dai-hoc-nha-trang-TSN.html,109.18859,12.241498
LBH,Trường Sĩ Quan Lục Quân 2  Đại học Nguyễn Huệ,https://diemthi.tuyensinh247.com/diem-chuan/truong-si-quan-luc-quan-2-dai-hoc-nguyen-hue-LBH.html,108.070256,16.251379
BVS,Học Viện Công Nghệ Bưu Chính Viễn Thông (Cơ sở TP.HCM),https://diemthi.tuyensinh247.com/diem-chuan/hoc-vien-cong-nghe-buu-chinh-vien-thong-phia-nam-BVS.html,105.893539,10.355745
YKV,Trường Đại Học Y Khoa Vinh,https://diemthi.tuyensinh247.com/diem-chuan/dai-hoc-y-khoa-vinh-YKV.html,106.25137,21.008001
YDN,Trường Đại học Kỹ thuật Y Dược Đà Nẵng,https://diemthi.tuyensinh247.com/diem-chuan/dai-hoc-ky-thuat-y-duoc-da-nang-YDN.html,108.153481,16.069178
DTY,Trường Đại Học Y Dược Thái Nguyên,https://diemthi.tuyensinh247.com/diem-chuan/dai-hoc-y-duoc-thai-nguyen-DTY.html,105.90565,21.595383
DHY,Trường Đại Học Y Dược Huế,https://diemthi.tuyensinh247.com/diem-chuan/dai-hoc-y-duoc-hue-DHY.html,106.30845,10.898926
DDY,Trường Y Dược Đà Nẵng,https://diemthi.tuyensinh247.com/diem-chuan/truong-y-duoc-da-nang-DDY.html,108.212,16.068
KTS,Trường Đại Học Kiến Trúc TPHCM,https://diemthi.tuyensinh247.com/diem-chuan/dai-hoc-kien-truc-tphcm-KTS.html,109.21343,13.137533
HCA,Học Viện Chính Trị Công An Nhân Dân,https://diemthi.tuyensinh247.com/diem-chuan/hoc-vien-chinh-tri-cong-an-nhan-dan-HCA.html,106.759985,10.93071
QSY,Trường Đại học Khoa học sức khỏe TPHCM,https://diemthi.tuyensinh247.com/diem-chuan/dai-hoc-khoa-hoc-suc-khoe-tphcm-QSY.html,109.092968,13.948876
QSQ,Trường Đại Học Quốc Tế  ĐHQG TPHCM,https://diemthi.tuyensinh247.com/diem-chuan/dai-hoc-quoc-te-dhqg-tphcm-QSQ.html,109.092968,13.948876
THV,Trường Đại Học Hùng Vương,https://diemthi.tuyensinh247.com/diem-chuan/dai-hoc-hung-vuong-THV.html,105.70295,21.228825
THP,Trường Đại Học Hải Phòng,https://diemthi.tuyensinh247.com/diem-chuan/dai-hoc-hai-phong-THP.html,106.723885,20.708393
HCP,Học Viện Chính Sách và Phát Triển,https://diemthi.tuyensinh247.com/diem-chuan/hoc-vien-chinh-sach-va-phat-trien-HCP.html,108.264177,15.956646
MHN,Trường Đại Học Mở Hà Nội,https://diemthi.tuyensinh247.com/diem-chuan/dai-hoc-mo-ha-noi-MHN.html,105.854444,21.02945
LDA,Trường Đại Học Công Đoàn,https://diemthi.tuyensinh247.com/diem-chuan/dai-hoc-cong-doan-LDA.html,108.11648,15.882505
HHA,Trường Đại Học Hàng Hải Việt Nam,https://diemthi.tuyensinh247.com/diem-chuan/-HHA.html,109.04334,11.63328
KTA,Trường Đại Học Kiến Trúc Hà Nội,https://diemthi.tuyensinh247.com/diem-chuan/dai-hoc-kien-truc-ha-noi-KTA.html,105.854444,21.02945
TDV,Trường Đại Học Vinh,https://diemthi.tuyensinh247.com/diem-chuan/dai-hoc-vinh-TDV.html,108.012024,16.313486
QSA,Trường Đại Học An Giang,https://diemthi.tuyensinh247.com/diem-chuan/dai-hoc-an-giang-QSA.html,105.433752,10.390544
HCH,Học Viện Hành Chính và Quản trị công,https://diemthi.tuyensinh247.com/diem-chuan/hoc-vien-hanh-chinh-va-quan-tri-cong-HCH.html,106.615066,10.845548
SPD,Trường Đại Học Đồng Tháp,https://diemthi.tuyensinh247.com/diem-chuan/dai-hoc-dong-thap-SPD.html,105.635795,10.462032
QHK,Trường Khoa học liên ngành và Nghệ thuật Hà Nội,https://diemthi.tuyensinh247.com/diem-chuan/truong-khoa-hoc-lien-nganh-va-nghe-thuat-ha-noi-QHK.html,105.854444,21.02945
TTN,Trường Đại Học Tây Nguyên,https://diemthi.tuyensinh247.com/diem-chuan/dai-hoc-tay-nguyen-TTN.html,108.11648,15.882505
DQN,Trường Đại Học Quy Nhơn,https://diemthi.tuyensinh247.com/diem-chuan/dai-hoc-quy-nhon-DQN.html,109.233,13.7704
DHC,Khoa Giáo Dục Thể Chất Huế,https://diemthi.tuyensinh247.com/diem-chuan/khoa-giao-duc-the-chat-hue-DHC.html,105.58542,18.53091
GNT,Trường Đại Học Sư Phạm Nghệ Thuật Trung Ương,https://diemthi.tuyensinh247.com/diem-chuan/dai-hoc-su-pham-nghe-thuat-trung-uong-GNT.html,106.609046,10.859849
DDQ,Trường Đại Học Kinh Tế – Đại Học Đà Nẵng,https://diemthi.tuyensinh247.com/diem-chuan/dai-hoc-kinh-te-dai-hoc-da-nang-DDQ.html,108.153481,16.069178
DTF,Trường Ngoại Ngữ Thái Nguyên,https://diemthi.tuyensinh247.com/diem-chuan/truong-ngoai-ngu-thai-nguyen-DTF.html,105.90565,21.595383
HLU,Trường Đại Học Hạ Long,https://diemthi.tuyensinh247.com/diem-chuan/dai-hoc-ha-long-HLU.html,107.079765,20.952133
DKT,Trường Đại Học Hải Dương,https://diemthi.tuyensinh247.com/diem-chuan/dai-hoc-hai-duong-DKT.html,106.338875,20.809668
DQB,Trường Đại Học Quảng Bình,https://diemthi.tuyensinh247.com/diem-chuan/dai-hoc-quang-binh-DQB.html,106.598472,17.465957
DPQ,Trường Đại Học Phạm Văn Đồng,https://diemthi.tuyensinh247.com/diem-chuan/dai-hoc-pham-van-dong-DPQ.html,107.42384,21.067461
HHT,Trường Đại Học Hà Tĩnh,https://diemthi.tuyensinh247.com/diem-chuan/dai-hoc-ha-tinh-HHT.html,105.901948,18.345275
DMT,Trường Đại học Tài Nguyên và Môi Trường Hà Nội,https://diemthi.tuyensinh247.com/diem-chuan/dai-hoc-tai-nguyen-va-moi-truong-ha-noi-DMT.html,106.201416,21.014895
HCS,Học Viện Hành Chính Và Quản Trị Công (phía Nam),https://diemthi.tuyensinh247.com/diem-chuan/hoc-vien-hanh-chinh-va-quan-tri-cong-phia-nam-HCS.html,106.615066,10.845548
NHS,Trường Đại Học Ngân Hàng TPHCM,https://diemthi.tuyensinh247.com/diem-chuan/dai-hoc-ngan-hang-tphcm-NHS.html,107.093222,20.957301
DLX,Trường Đại Học Lao Động – Xã Hội,https://diemthi.tuyensinh247.com/diem-chuan/dai-hoc-lao-dong-xa-hoi-co-so-ha-noi-DLX.html,106.39316,20.560135
DBL,Trường Đại Học Bạc Liêu,https://diemthi.tuyensinh247.com/diem-chuan/dai-hoc-bac-lieu-DBL.html,105.72284,9.286884
DQU,Trường Đại Học Quảng Nam,https://diemthi.tuyensinh247.com/diem-chuan/dai-hoc-quang-nam-DQU.html,108.11648,15.882505
DLS,Trường Đại Học Lao Động – Xã Hội (Cơ sở II),https://diemthi.tuyensinh247.com/diem-chuan/dai-hoc-lao-dong-xa-hoi-co-so-phia-nam-DLS.html,106.39316,20.560135
DPY,Trường Đại Học Phú Yên,https://diemthi.tuyensinh247.com/diem-chuan/dai-hoc-phu-yen-DPY.html,109.299358,13.087723
DDP,Phân Hiệu Đại Học Đà Nẵng tại Kon Tum,https://diemthi.tuyensinh247.com/diem-chuan/phan-hieu-dai-hoc-da-nang-tai-kon-tum-DDP.html,108.44085,14.657098
TDH,Trường Đại Học Sư Phạm Thể Dục Thể Thao Hà Nội,https://diemthi.tuyensinh247.com/diem-chuan/dai-hoc-su-pham-the-duc-the-thao-ha-noi-TDH.html,105.8393,20.794678
KCC,Trường Đại học Kỹ Thuật Công Nghệ Cần Thơ,https://diemthi.tuyensinh247.com/diem-chuan/dai-hoc-ky-thuat-cong-nghe-can-tho-KCC.html,105.787522,10.036422
QHQ,Trường Quốc Tế   ĐHQG Hà Nội,https://diemthi.tuyensinh247.com/diem-chuan/truong-quoc-te-dai-hoc-quoc-gia-ha-noi-QHQ.html,105.843499,21.026485
KCN,Trường Đại Học Khoa Học Và Công Nghệ Hà Nội,https://diemthi.tuyensinh247.com/diem-chuan/dai-hoc-khoa-hoc-va-cong-nghe-ha-noi-KCN.html,105.854444,21.02945
DCV,Trường Đại học Công nghiệp Vinh,https://diemthi.tuyensinh247.com/diem-chuan/dai-hoc-cong-nghiep-vinh-DCV.html,108.11648,15.882505
DVT,Trường Đại Học Trà Vinh,https://diemthi.tuyensinh247.com/diem-chuan/dai-hoc-tra-vinh-DVT.html,106.34161,9.935562
NLS,Trường Đại Học Nông Lâm TPHCM,https://diemthi.tuyensinh247.com/diem-chuan/dai-hoc-nong-lam-tphcm-NLS.html,106.96493,21.09759
HVC,Học viện cán bộ TPHCM,https://diemthi.tuyensinh247.com/diem-chuan/hoc-vien-can-bo-tphcm-HVC.html,106.05636,9.523021
XDA,Trường Đại Học Xây Dựng Hà Nội,https://diemthi.tuyensinh247.com/diem-chuan/dai-hoc-xay-dung-ha-noi-XDA.html,105.854444,21.02945
SKH,Trường Đại Học Sư Phạm Kỹ Thuật Hưng Yên,https://diemthi.tuyensinh247.com/diem-chuan/dai-hoc-su-pham-ky-thuat-hung-yen-SKH.html,106.05815,20.65831
MBS,Trường Đại Học Mở TPHCM,https://diemthi.tuyensinh247.com/diem-chuan/dai-hoc-mo-tphcm-MBS.html,108.11648,15.882505
FBU,Trường Đại Học Tài Chính Ngân Hàng Hà Nội,https://diemthi.tuyensinh247.com/diem-chuan/dai-hoc-tai-chinh-ngan-hang-ha-noi-FBU.html,106.002727,20.954507
GTA,Trường Đại học Công nghệ Giao thông vận tải,https://diemthi.tuyensinh247.com/diem-chuan/dai-hoc-cong-nghe-giao-thong-van-tai-GTA.html,106.019423,21.140072
MDA,Trường Đại Học Mỏ Địa Chất,https://diemthi.tuyensinh247.com/diem-chuan/dai-hoc-mo-dia-chat-MDA.html,108.11648,15.882505
DDL,Trường Đại Học Điện Lực,https://diemthi.tuyensinh247.com/diem-chuan/dai-hoc-dien-luc-DDL.html,107.78126,16.320007
TDS,Trường Đại Học Thể Dục Thể Thao TPHCM,https://diemthi.tuyensinh247.com/diem-chuan/dai-hoc-the-duc-the-thao-tphcm-TDS.html,105.93345,22.65793
DPD,Trường Đại Học Phương Đông,https://diemthi.tuyensinh247.com/diem-chuan/dai-hoc-phuong-dong-DPD.html,106.73632,21.035032
VLU,Trường Đại Học Sư Phạm Kỹ Thuật Vĩnh Long,https://diemthi.tuyensinh247.com/diem-chuan/dai-hoc-su-pham-ky-thuat-vinh-long-VLU.html,105.97443,10.249591
KTD,Trường Đại Học Kiến Trúc Đà Nẵng,https://diemthi.tuyensinh247.com/diem-chuan/dai-hoc-kien-truc-da-nang-KTD.html,108.153481,16.069178
DQK,Trường Đại Học Kinh Doanh và Công Nghệ Hà Nội,https://diemthi.tuyensinh247.com/diem-chuan/dai-hoc-kinh-doanh-va-cong-nghe-ha-noi-DQK.html,105.854444,21.02945
DTK,Trường Đại Học Kỹ Thuật Công Nghiệp Thái Nguyên,https://diemthi.tuyensinh247.com/diem-chuan/dai-hoc-ky-thuat-cong-nghiep-thai-nguyen-DTK.html,105.90565,21.595383
STS,Trường Đại Học Sư Phạm Thể Dục Thể Thao TPHCM,https://diemthi.tuyensinh247.com/diem-chuan/dai-hoc-su-pham-the-duc-the-thao-tphcm-STS.html,105.93345,22.65793
UKH,Trường Đại học Khánh Hòa,https://diemthi.tuyensinh247.com/diem-chuan/dai-hoc-khanh-hoa-UKH.html,105.835976,19.973057
DSK,Trường Đại học Sư phạm Kỹ thuật  Đại học Đà Nẵng,https://diemthi.tuyensinh247.com/diem-chuan/dai-hoc-su-pham-ky-thuat-dai-hoc-da-nang-DSK.html,108.153481,16.069178
NHB,Học Viện Ngân Hàng (Phân Viện Bắc Ninh),https://diemthi.tuyensinh247.com/diem-chuan/hoc-vien-ngan-hang-phan-vien-bac-ninh-NHB.html,106.06527,21.180523
DHI,Khoa Quốc tế  Đại học Huế,https://diemthi.tuyensinh247.com/diem-chuan/khoa-quoc-te-dai-hoc-hue-DHI.html,106.338875,20.809668
CMC,Trường Đại Học,https://diemthi.tuyensinh247.com/diem-chuan/dai-hoc-cmc-CMC.html,108.11648,15.882505
NTT,Trường Đại Học Nguyễn Tất Thành,https://diemthi.tuyensinh247.com/diem-chuan/dai-hoc-nguyen-tat-thanh-NTT.html,107.231545,10.402627
DHK,Trường Đại Học Kinh Tế  Đại Học Huế,https://diemthi.tuyensinh247.com/diem-chuan/dai-hoc-kinh-te-dai-hoc-hue-DHK.html,106.68819,10.799159
DHD,Trường Du Lịch  Đại Học Huế,https://diemthi.tuyensinh247.com/diem-chuan/truong-du-lich-dai-hoc-hue-DHD.html,107.575924,16.452634
KGH,Trường Sĩ Quan Không Quân  Hệ Đại học,https://diemthi.tuyensinh247.com/diem-chuan/truong-si-quan-khong-quan-he-dai-hoc-KGH.html,107.142583,10.439734
DTC,Trường Đại học Công Nghệ Thông Tin và Truyền Thông Thái Nguyên,https://diemthi.tuyensinh247.com/diem-chuan/dai-hoc-cong-nghe-thong-tin-va-truyen-thong-thai-nguyen-DTC.html,105.90565,21.595383
HGH,Trường Sĩ Quan Phòng Hóa,https://diemthi.tuyensinh247.com/diem-chuan/truong-si-quan-phong-hoa-HGH.html,107.3123,16.642044
TGH,Trường Sĩ Quan Tăng  Thiết Giáp,https://diemthi.tuyensinh247.com/diem-chuan/truong-siquan-tang-thiet-giap-TGH.html,104.05157,22.417952
HVQ,Học Viện Quản Lý Giáo Dục,https://diemthi.tuyensinh247.com/diem-chuan/hoc-vien-quan-ly-giao-duc-HVQ.html,105.23997,21.378231
DDT,Đại Học Duy Tân,https://diemthi.tuyensinh247.com/diem-chuan/dai-hoc-duy-tan-DDT.html,108.00414,14.363169
DNC,Trường Đại học Nam Cần Thơ,https://diemthi.tuyensinh247.com/diem-chuan/dai-hoc-nam-can-tho-DNC.html,105.787522,10.036422
HIU,Trường Đại Học Quốc Tế Hồng Bàng,https://diemthi.tuyensinh247.com/diem-chuan/dai-hoc-quoc-te-hong-bang-HIU.html,106.66171,20.86523
TTU,Trường Đại học Tân Tạo,https://diemthi.tuyensinh247.com/diem-chuan/dai-hoc-tan-tao-TTU.html,106.58861,10.761021
TTD,Trường Đại Học Thể Dục Thể Thao Đà Nẵng,https://diemthi.tuyensinh247.com/diem-chuan/dai-hoc-the-duc-the-thao-da-nang-TTD.html,108.153481,16.069178
DCL,Trường Đại Học Cửu Long,https://diemthi.tuyensinh247.com/diem-chuan/dai-hoc-cuu-long-DCL.html,109.1832,12.238135
DVL,Trường Đại Học Văn Lang,https://diemthi.tuyensinh247.com/diem-chuan/dai-hoc-van-lang-DVL.html,106.58675,22.075949
DPC,Trường Đại Học Phan Châu Trinh,https://diemthi.tuyensinh247.com/diem-chuan/dai-hoc-phan-chau-trinh-DPC.html,105.855576,21.019995
UKB,Trường Đại Học Kinh Bắc,https://diemthi.tuyensinh247.com/diem-chuan/dai-hoc-kinh-bac-UKB.html,105.835976,19.973057
ETU,Trường Đại Học Hòa Bình,https://diemthi.tuyensinh247.com/diem-chuan/dai-hoc-hoa-binh-ETU.html,105.343765,20.81986
DDN,Trường Đại Học Đại Nam,https://diemthi.tuyensinh247.com/diem-chuan/dai-hoc-dai-nam-DDN.html,108.11648,15.882505
VTT,Trường Đại Học Võ Trường Toản,https://diemthi.tuyensinh247.com/diem-chuan/dai-hoc-vo-truong-toan-VTT.html,107.085568,10.372877
DAD,Trường Đại Học Đông Á,https://diemthi.tuyensinh247.com/diem-chuan/dai-hoc-dong-a-DAD.html,106.40322,20.499542
SNH,Trường Sĩ Quan Công Binh  Hệ Quân sự  Đại học Ngô Quyền,https://diemthi.tuyensinh247.com/diem-chuan/truong-si-quan-cong-binh-he-quan-su-dai-hoc-ngo-quyen-SNH.html,106.70078,20.85472
DCH,Trường Sĩ Quan Đặc Công,https://diemthi.tuyensinh247.com/diem-chuan/truong-si-quan-dac-cong-DCH.html,106.25137,21.008001
HCB,Học viện Kỹ thuật và Công nghệ an ninh (Phía Bắc),https://diemthi.tuyensinh247.com/diem-chuan/hoc-vien-ky-thuat-cong-nghe-an-ninh-phia-bac-HCB.html,105.688159,18.669245
HCN,Học viện Kỹ thuật và Công nghệ an ninh (Phía Nam),https://diemthi.tuyensinh247.com/diem-chuan/hoc-vien-ky-thuat-va-cong-nghe-an-ninh-phia-nam-HCN.html,105.688159,18.669245
PBH,Trường Sĩ Quan Pháo Binh,https://diemthi.tuyensinh247.com/diem-chuan/truong-si-quan-phao-binh-PBH.html,106.25137,21.008001
KSV,Đại học Kinh Tế TPHCM  Phân hiệu Vĩnh Long,https://diemthi.tuyensinh247.com/diem-chuan/dai-hoc-kinh-te-tphcm-phan-hieu-vinh-long-KSV.html,105.97443,10.249591
QHD,Trường Quản Trị và Kinh Doanh  ĐHQG Hà Nội,https://diemthi.tuyensinh247.com/diem-chuan/truong-quan-tri-va-kinh-doanh-dh-quoc-gia-ha-noi-QHD.html,105.854444,21.02945
VGU,Trường Đại Học Việt Đức,https://diemthi.tuyensinh247.com/diem-chuan/dai-hoc-viet-duc-VGU.html,108.11648,15.882505
TLS,Trường Đại Học Thủy Lợi (Cơ sở 2),https://diemthi.tuyensinh247.com/diem-chuan/dai-hoc-thuy-loi-co-so-2-TLS.html,106.14908,20.658398
SDU,Trường Đại học Sao Đỏ,https://diemthi.tuyensinh247.com/diem-chuan/dai-hoc-sao-do-SDU.html,106.39526,21.112392
PCS,Trường Đại Học Phòng Cháy Chữa Cháy (phía Nam),https://diemthi.tuyensinh247.com/diem-chuan/dai-hoc-phong-chay-chua-chay-phia-nam-PCS.html,109.162069,12.229876
PCH,Trường Đại Học Phòng Cháy Chữa Cháy (Phía Bắc),https://diemthi.tuyensinh247.com/diem-chuan/dai-hoc-phong-chay-chua-chay-phia-bac-PCH.html,109.162069,12.229876
NLN,Phân hiệu Đại học Nông Lâm TPHCM tại Ninh Thuận,https://diemthi.tuyensinh247.com/diem-chuan/phan-hieu-dai-hoc-nong-lam-tphcm-tai-ninh-thuan-NLN.html,108.986539,11.576983
DTD,Trường Đại Học Tây Đô,https://diemthi.tuyensinh247.com/diem-chuan/dai-hoc-tay-do-DTD.html,106.26932,20.606686
DKC,Trường Đại học Công Nghệ TPHCM,https://diemthi.tuyensinh247.com/diem-chuan/dai-hoc-cong-nghe-tphcm-DKC.html,104.872955,21.060638
DDU,Trường Đại Học Đông Đô,https://diemthi.tuyensinh247.com/diem-chuan/dai-hoc-dong-do-DDU.html,106.28999,20.595694
DLH,Trường Đại Học Lạc Hồng,https://diemthi.tuyensinh247.com/diem-chuan/dai-hoc-lac-hong-DLH.html,106.02816,20.95682
DDB,Trường Đại Học Thành Đông,https://diemthi.tuyensinh247.com/diem-chuan/dai-hoc-thanh-dong-DDB.html,106.14063,11.553727
DHA,Trường Đại học Luật Huế,https://diemthi.tuyensinh247.com/diem-chuan/dai-hoc-luat-dai-hoc-hue-DHA.html,106.338875,20.809668
DYD,Trường Đại Học Yersin Đà Lạt,https://diemthi.tuyensinh247.com/diem-chuan/dai-hoc-yersin-da-lat-DYD.html,108.452473,11.945309
TDD,Trường Đại học Thành Đô,https://diemthi.tuyensinh247.com/diem-chuan/dai-hoc-thanh-do-TDD.html,109.30317,13.040305
DBD,Trường Đại Học Bình Dương,https://diemthi.tuyensinh247.com/diem-chuan/dai-hoc-binh-duong-DBD.html,106.653748,10.980844
DTV,Trường Đại Học Lương Thế Vinh,https://diemthi.tuyensinh247.com/diem-chuan/dai-hoc-luong-the-vinh-DTV.html,108.238442,16.063687
VJU,Trường Đại học Việt Nhật  ĐHQG Hà Nội,https://diemthi.tuyensinh247.com/diem-chuan/dai-hoc-viet-nhat-ha-noi-VJU.html,105.854444,21.02945
BVU,Trường Đại Học Bà Rịa – Vũng Tàu,https://diemthi.tuyensinh247.com/diem-chuan/dai-hoc-ba-ria-vung-tau-BVU.html,107.168843,10.49627
DHN,Trường Đại Học Nghệ Thuật Huế,https://diemthi.tuyensinh247.com/diem-chuan/dai-hoc-nghe-thuat-hue-DHN.html,106.338875,20.809668
MIT,Trường Đại học Công nghệ Miền Đông,https://diemthi.tuyensinh247.com/diem-chuan/dai-hoc-cong-nghe-mien-dong-MIT.html,108.6131,14.108726
FPT,Trường Đại Học,https://diemthi.tuyensinh247.com/diem-chuan/dai-hoc-fpt-FPT.html,108.11648,15.882505
DKB,Trường Đại Học Kinh Tế Kỹ Thuật Bình Dương,https://diemthi.tuyensinh247.com/diem-chuan/dai-hoc-kinh-te-ky-thuat-binh-duong-DKB.html,106.653748,10.980844
UEF,Trường Đại Học Kinh Tế Tài Chính TPHCM,https://diemthi.tuyensinh247.com/diem-chuan/dai-hoc-kinh-te-tai-chinh-tphcm-UEF.html,106.002727,20.954507
DFA,Trường Đại học Tài chính Quản trị kinh doanh,https://diemthi.tuyensinh247.com/diem-chuan/dai-hoc-tai-chinh-quan-tri-kinh-doanh-DFA.html,106.002727,20.954507
TTG,Trường Đại Học Tiền Giang,https://diemthi.tuyensinh247.com/diem-chuan/dai-hoc-tien-giang-TTG.html,106.365844,10.36062
DTE,Trường Đại học Kinh tế Quản trị kinh doanh Thái Nguyên,https://diemthi.tuyensinh247.com/diem-chuan/dai-hoc-kinh-te-quan-tri-kinh-doanh-thai-nguyen-DTE.html,105.90565,21.595383
PVU,Trường Đại Học Dầu Khí Việt Nam,https://diemthi.tuyensinh247.com/diem-chuan/dai-hoc-dau-khi-viet-nam-PVU.html,105.762856,21.019838
DNT,Trường Đại Học Ngoại Ngữ Tin Học TPHCM,https://diemthi.tuyensinh247.com/diem-chuan/dai-hoc-ngoai-ngu-tin-hoc-tphcm-DNT.html,109.092968,13.948876
SKV,Trường Đại Học Sư Phạm Kỹ Thuật Vinh,https://diemthi.tuyensinh247.com/diem-chuan/dai-hoc-su-pham-ky-thuat-vinh-SKV.html,105.699471,18.66049
CEA,Trường Đại học Nghệ An,https://diemthi.tuyensinh247.com/diem-chuan/dai-hoc-nghe-an-CEA.html,105.688159,18.669245
LNH,Trường Đại Học Lâm nghiệp,https://diemthi.tuyensinh247.com/diem-chuan/dai-hoc-lam-nghiep-LNH.html,108.11648,15.882505
DVH,Trường Đại Học Văn Hiến,https://diemthi.tuyensinh247.com/diem-chuan/dai-hoc-van-hien-DVH.html,107.558215,16.471991
DQT,Trường Đại Học Quang Trung,https://diemthi.tuyensinh247.com/diem-chuan/dai-hoc-quang-trung-DQT.html,105.82694,21.01347
HSU,Trường Đại Học Hoa Sen,https://diemthi.tuyensinh247.com/diem-chuan/dai-hoc-hoa-sen-HSU.html,106.976985,20.950173
DPT,Trường Đại Học Phan Thiết,https://diemthi.tuyensinh247.com/diem-chuan/dai-hoc-phan-thiet-DPT.html,108.108444,10.935337
DVP,Trường Đại Học Trưng Vương,https://diemthi.tuyensinh247.com/diem-chuan/dai-hoc-trung-vuong-DVP.html,106.79866,21.026903
YDD,Trường Đại Học Điều Dưỡng Nam Định,https://diemthi.tuyensinh247.com/diem-chuan/dai-hoc-dieu-duong-nam-dinh-YDD.html,106.618237,10.82392
THU,Trường Đại học Y khoa Tokyo Việt Nam,https://diemthi.tuyensinh247.com/diem-chuan/dai-hoc-y-khoa-tokyo-viet-nam-THU.html,105.762856,21.019838
DCD,Trường Đại Học Công Nghệ Đồng Nai,https://diemthi.tuyensinh247.com/diem-chuan/dai-hoc-cong-nghe-dong-nai-DCD.html,106.822613,10.950954
EIU,Trường Đại Học Quốc Tế Miền Đông,https://diemthi.tuyensinh247.com/diem-chuan/dai-hoc-quoc-te-mien-dong-EIU.html,108.6131,14.108726
DDV,Viện nghiên cứu và đào tạo Việt Anh  Đại học Đà Nẵng,https://diemthi.tuyensinh247.com/diem-chuan/vien-nghien-cuu-va-dao-tao-viet-anh-dai-hoc-da-nang-DDV.html,108.260533,15.987765
TDB,Trường Đại Học Thể Dục Thể Thao Bắc Ninh,https://diemthi.tuyensinh247.com/diem-chuan/dai-hoc-the-duc-the-thao-bac-ninh-TDB.html,106.06527,21.180523
DHE,Khoa Kỹ thuật và Công nghệ  Đại học Huế,https://diemthi.tuyensinh247.com/diem-chuan/khoa-ky-thuat-va-cong-nghe-dai-hoc-hue-DHE.html,107.517907,16.489525
DTB,Trường Đại Học Thái Bình,https://diemthi.tuyensinh247.com/diem-chuan/dai-hoc-thai-binh-DTB.html,106.3435,20.44802
HVD,Học Viện Dân Tộc,https://diemthi.tuyensinh247.com/diem-chuan/hoc-vien-dan-toc-HVD.html,107.341223,10.6483
DHT,Trường Đại Học Khoa Học Huế,https://diemthi.tuyensinh247.com/diem-chuan/dai-hoc-khoa-hoc-hue-DHT.html,106.338875,20.809668
DTZ,Trường Đại Học Khoa Học Thái Nguyên,https://diemthi.tuyensinh247.com/diem-chuan/dai-hoc-khoa-hoc-thai-nguyen-DTZ.html,105.90565,21.595383
HDT,Trường Đại Học Hồng Đức,https://diemthi.tuyensinh247.com/diem-chuan/dai-hoc-hong-duc-HDT.html,106.31578,20.782724
DNU,Trường Đại Học Đồng Nai,https://diemthi.tuyensinh247.com/diem-chuan/dai-hoc-dong-nai-DNU.html,106.822613,10.950954
LNS,Phân hiệu Đại Học Lâm nghiệp tại Đồng Nai,https://diemthi.tuyensinh247.com/diem-chuan/phan-hieu-dai-hoc-lam-nghiep-tai-dong-nai-LNS.html,106.822613,10.950954
DTM,Trường Đại học Tài Nguyên và Môi Trường TPHCM,https://diemthi.tuyensinh247.com/diem-chuan/dai-hoc-tai-nguyen-va-moi-truong-tphcm-DTM.html,109.185655,12.248312
NTU,Trường Đại Học Nguyễn Trãi,https://diemthi.tuyensinh247.com/diem-chuan/dai-hoc-nguyen-trai-NTU.html,107.98624,14.32793
CCM,Trường Đại học Công nghiệp và Thương mại Hà Nội,https://diemthi.tuyensinh247.com/diem-chuan/dai-hoc-cong-nghiep-va-thuong-mai-ha-noi-CCM.html,105.842642,20.992064
VUI,Trường Đại Học Công Nghiệp Việt Trì,https://diemthi.tuyensinh247.com/diem-chuan/dai-hoc-cong-nghiep-viet-tri-VUI.html,105.3891,21.321234
QSP,Phân hiệu Đại học Quốc gia TPHCM tại Bến Tre,https://diemthi.tuyensinh247.com/diem-chuan/phan-hieu-dai-hoc-quoc-gia-tphcm-tai-ben-tre-QSP.html,106.377282,10.237154
DHL,Trường Đại Học Nông Lâm Huế,https://diemthi.tuyensinh247.com/diem-chuan/dai-hoc-nong-lam-hue-DHL.html,106.96493,21.09759
DTQ,Khoa Quốc Tế  Đại Học Thái Nguyên,https://diemthi.tuyensinh247.com/diem-chuan/khoa-quoc-te-dai-hoc-thai-nguyen-DTQ.html,105.90565,21.595383
SIU,Trường Đại học Tư thục Quốc Tế Sài Gòn,https://diemthi.tuyensinh247.com/diem-chuan/dai-hoc-quoc-te-sai-gon-SIU.html,107.90203,16.001848
DCA,Trường Đại học Intracom,https://diemthi.tuyensinh247.com/diem-chuan/dai-hoc-chu-van-an-DCA.html,108.11648,15.882505
DLA,Trường Đại Học Kinh Tế Công Nghiệp Long An,https://diemthi.tuyensinh247.com/diem-chuan/dai-hoc-kinh-te-cong-nghiep-long-an-DLA.html,106.404754,10.535965
DBH,Trường Đại Học Quốc Tế Bắc Hà,https://diemthi.tuyensinh247.com/diem-chuan/dai-hoc-quoc-te-bac-ha-DBH.html,104.290955,22.536177
SKN,Trường Đại Học Sư Phạm Kỹ Thuật Nam Định,https://diemthi.tuyensinh247.com/diem-chuan/dai-hoc-su-pham-ky-thuat-nam-dinh-SKN.html,106.203285,20.395868
NLG,Phân hiệu Đại học Nông Lâm TPHCM tại Gia Lai,https://diemthi.tuyensinh247.com/diem-chuan/phan-hieu-dai-hoc-nong-lam-tphcm-tai-gia-lai-NLG.html,108.260826,13.796407
DTN,Trường Đại Học Nông Lâm Thái Nguyên,https://diemthi.tuyensinh247.com/diem-chuan/dai-hoc-nong-lam-thai-nguyen-DTN.html,105.90565,21.595383
UMT,Trường Đại học Quản lý và công nghệ TPHCM,https://diemthi.tuyensinh247.com/diem-chuan/dai-hoc-quan-ly-va-cong-nghe-tphcm-UMT.html,104.745769,10.227441
DCQ,Trường Đại Học Công Nghệ và Quản Lý Hữu Nghị,https://diemthi.tuyensinh247.com/diem-chuan/dai-hoc-cong-nghe-va-quan-ly-huu-nghi-DCQ.html,105.34034,20.837137
DHQ,Phân Hiệu Đại Học Huế tại Quảng Trị,https://diemthi.tuyensinh247.com/diem-chuan/phan-hieu-dai-hoc-hue-tai-quang-tri-DHQ.html,107.101038,16.817285
TBD,Trường Đại Học Thái Bình Dương,https://diemthi.tuyensinh247.com/diem-chuan/dai-hoc-thai-binh-duong-TBD.html,106.653748,10.980844
DHV,Trường Đại học Hùng Vương TPHCM,https://diemthi.tuyensinh247.com/diem-chuan/dai-hoc-hung-vuong-tphcm-DHV.html,105.70295,21.228825
DVB,Trường Đại Học Kinh tế công nghệ Thái Nguyên,https://diemthi.tuyensinh247.com/diem-chuan/dai-hoc-kinh-te-cong-nghe-thai-nguyen-DVB.html,105.90565,21.595383
DPX,Trường Đại Học Phú Xuân,https://diemthi.tuyensinh247.com/diem-chuan/dai-hoc-phu-xuan-DPX.html,108.390816,12.906163
HPU,Trường Đại học Quản lý và Công nghệ Hải Phòng,https://diemthi.tuyensinh247.com/diem-chuan/dai-hoc-quan-ly-va-cong-nghe-hai-phong-HPU.html,106.55262,20.714165
MTU,Trường Đại Học Xây Dựng Miền Tây,https://diemthi.tuyensinh247.com/diem-chuan/dai-hoc-xay-dung-mien-tay-MTU.html,105.857436,20.130164
VHD,Trường Đại Học Công Nghiệp Việt  Hung,https://diemthi.tuyensinh247.com/diem-chuan/dai-hoc-cong-nghiep-viet-hung-VHD.html,105.90015,21.054562
LNA,Phân hiệu Đại học Lâm nghiệp tỉnh Gia Lai,https://diemthi.tuyensinh247.com/diem-chuan/phan-hieu-dai-hoc-lam-nghiep-tinh-gia-lai-LNA.html,108.260826,13.796407
NHP,Học Viện Ngân Hàng (Phân Viện Phú Yên),https://diemthi.tuyensinh247.com/diem-chuan/hoc-vien-ngan-hang-phan-vien-phu-yen-NHP.html,109.299358,13.087723
UFA,Trường Đại học Tài Chính Kế Toán,https://diemthi.tuyensinh247.com/diem-chuan/-UFA.html,106.002727,20.954507
GDU,Trường Đại Học Gia Định,https://diemthi.tuyensinh247.com/diem-chuan/dai-hoc-gia-dinh-GDU.html,105.862854,20.287312
DDM,Trường Đại Học Công Nghiệp Quảng Ninh,https://diemthi.tuyensinh247.com/diem-chuan/dai-hoc-cong-nghiep-quang-ninh-DDM.html,107.08,20.952837
XDT,Trường Đại Học Xây Dựng Miền Trung,https://diemthi.tuyensinh247.com/diem-chuan/dai-hoc-xay-dung-mien-trung-XDT.html,105.857436,20.130164
DSG,Trường Đại Học Công Nghệ Sài Gòn,https://diemthi.tuyensinh247.com/diem-chuan/dai-hoc-cong-nghe-sai-gon-DSG.html,104.745769,10.227441
XDN,Phân hiệu Đại học Xây dựng miền Trung tại Đà Nẵng,https://diemthi.tuyensinh247.com/diem-chuan/phan-hieu-dai-hoc-xay-dung-mien-trung-tai-da-nang-XDN.html,108.212,16.068
DBG,Trường Đại học Nông Lâm Bắc Giang,https://diemthi.tuyensinh247.com/diem-chuan/dai-hoc-nong-lam-bac-giang-DBG.html,106.203807,21.279548
TTB,Trường Đại Học Tây Bắc,https://diemthi.tuyensinh247.com/diem-chuan/dai-hoc-tay-bac-TTB.html,108.11648,15.882505
TDL,Trường Đại Học Đà Lạt,https://diemthi.tuyensinh247.com/diem-chuan/dai-hoc-da-lat-TDL.html,108.43307,11.944269
DTP,Phân Hiệu Đại Học Thái Nguyên Tại Lào Cai,https://diemthi.tuyensinh247.com/diem-chuan/phan-hieu-dai-hoc-thai-nguyen-tai-lao-cai-DTP.html,106.531235,20.526983
TQU,Trường Đại học Tân Trào,https://diemthi.tuyensinh247.com/diem-chuan/dai-hoc-tan-trao-TQU.html,106.14384,20.796482
TKG,Trường Đại học Kiên Giang,https://diemthi.tuyensinh247.com/diem-chuan/dai-hoc-kien-giang-TKG.html,105.083262,10.01071
DVD,"Trường Đại Học Văn Hóa, Thể Thao Và Du Lịch Thanh Hóa",https://diemthi.tuyensinh247.com/diem-chuan/dai-hoc-van-hoa-the-thao-va-du-lich-thanh-hoa-DVD.html,105.645294,19.616001
DTG,Phân hiệu Đại học Thái Nguyên tại Hà Giang,https://diemthi.tuyensinh247.com/diem-chuan/phan-hieu-dai-hoc-thai-nguyen-tai-ha-giang-DTG.html,105.361798,23.279169
DNB,Trường Đại Học Hoa Lư,https://diemthi.tuyensinh247.com/diem-chuan/dai-hoc-hoa-lu-DNB.html,105.95282,20.299217
LBS,Trường Đại học Nguyễn Huệ,https://diemthi.tuyensinh247.com/diem-chuan/dai-hoc-nguyen-hue-LBS.html,106.460365,21.096006
HVA,Học Viện Âm Nhạc Huế,https://diemthi.tuyensinh247.com/diem-chuan/hoc-vien-am-nhac-hue-HVA.html,107.21802,16.242424
NVH,Học Viện Âm Nhạc Quốc Gia Việt Nam,https://diemthi.tuyensinh247.com/diem-chuan/hoc-vien-am-nhac-quoc-gia-viet-nam-NVH.html,105.762856,21.019838
NVS,Nhạc Viện TPHCM,https://diemthi.tuyensinh247.com/diem-chuan/nhac-vien-tphcm-NVS.html,109.208707,13.749555
DVX,Trường Đại Học Công Nghệ Vạn Xuân,https://diemthi.tuyensinh247.com/diem-chuan/dai-hoc-cong-nghe-van-xuan-DVX.html,105.536835,21.235607
DHH,Trường Đại Học Hà Hoa Tiên,https://diemthi.tuyensinh247.com/diem-chuan/dai-hoc-ha-hoa-tien-DHH.html,105.00473,21.562366
MTC,Trường Đại Học Mỹ Thuật Công Nghiệp,https://diemthi.tuyensinh247.com/diem-chuan/dai-hoc-my-thuat-cong-nghiep-MTC.html,105.897341,10.269127
MTS,Trường Đại Học Mỹ Thuật TPHCM,https://diemthi.tuyensinh247.com/diem-chuan/dai-hoc-my-thuat-tphcm-MTS.html,106.0467,20.468706
MTH,Trường Đại Học Mỹ Thuật Việt Nam,https://diemthi.tuyensinh247.com/diem-chuan/dai-hoc-my-thuat-viet-nam-MTH.html,105.897341,10.269127
YHT,Phân hiệu Đại học Y Hà Nội tại Thanh Hóa,https://diemthi.tuyensinh247.com/diem-chuan/phan-hieu-dai-hoc-y-ha-noi-tai-thanh-hoa-YHT.html,105.77678,19.807617
RMU,Trường Đại Học Quốc Tế RMIT Việt Nam,https://diemthi.tuyensinh247.com/diem-chuan/dai-hoc-quoc-te-rmit-viet-nam-RMU.html,105.762856,21.019838
RHM,Trường Đại Học Răng – Hàm – Mặt,https://diemthi.tuyensinh247.com/diem-chuan/dai-hoc-rang-ham-mat-RHM.html,108.11648,15.882505
SKD,Trường Đại Học Sân Khấu Điện Ảnh Hà Nội,https://diemthi.tuyensinh247.com/diem-chuan/dai-hoc-san-khau-dien-anh-ha-noi-SKD.html,105.854444,21.02945
CIV,Học viện Công giáo Việt Nam,https://diemthi.tuyensinh247.com/diem-chuan/hoc-vien-cong-giao-viet-nam-CIV.html,107.2322,10.823895
ZNH,Trường Đại học Văn hóa Nghệ thuật Quân đội,https://diemthi.tuyensinh247.com/diem-chuan/dai-hoc-van-hoa-nghe-thuat-quan-doi-ZNH.html,105.645294,19.616001
LCDF,Học viện Thiết kế và Thời trang London Hà Nội,https://diemthi.tuyensinh247.com/diem-chuan/hoc-vien-thiet-ke-va-thoi-trang-london-ha-noi-LCDF.html,105.854444,21.02945
DNV,Trường Đại học Nội vụ Hà Nội,https://diemthi.tuyensinh247.com/diem-chuan/dai-hoc-noi-vu-ha-noi-DNV.html,105.845129,21.029112
VPH,Trường Sĩ Quan Kĩ Thuật Quân Sự   Hệ Quân sự  Đại Học Trần Đại Nghĩa,https://diemthi.tuyensinh247.com/diem-chuan/truong-si-quan-ki-thuat-quan-su-he-quan-su-dai-hoc-tran-dai-nghia-VPH.html,108.08259,15.888832
DSD,Trường Đại Học Sân Khấu Điện Ảnh TPHCM,https://diemthi.tuyensinh247.com/diem-chuan/dai-hoc-san-khau-dien-anh-tphcm-DSD.html,108.279076,15.874229
DDA,Trường Đại Học Công Nghệ Đông Á,https://diemthi.tuyensinh247.com/diem-chuan/dai-hoc-cong-nghe-dong-a-DDA.html,106.40322,20.499542
BUV,Trường Đại Học Anh Quốc Việt Nam,https://diemthi.tuyensinh247.com/diem-chuan/dai-hoc-anh-quoc-viet-nam-BUV.html,106.605705,22.193274
BMU,Trường Đại học Y Dược Buôn Ma Thuột,https://diemthi.tuyensinh247.com/diem-chuan/dai-hoc-y-duoc-buon-ma-thuot-BMU.html,108.04214,12.682443
DDG,Khoa Giáo dục thể chất Đà Nẵng,https://diemthi.tuyensinh247.com/diem-chuan/khoa-giao-duc-the-chat-da-nang-DDG.html,108.212,16.068
VKU,Trường Đại học Công nghệ Thông tin và Truyền thông Việt Hàn  Đại học Đà Nẵng,https://diemthi.tuyensinh247.com/diem-chuan/dai-hoc-cong-nghe-thong-tin-va-truyen-thong-viet-han-dai-hoc-da-nang-VKU.html,108.153481,16.069178
